{"info":{},"categories":{"label":{"labels":[{"name":"racket","parent":"","attributes":[]}],"attributes":["occluded"]},"points":{"items":[]}},"items":[{"id":"frame_000000","annotations":[],"attr":{"frame":0},"point_cloud":{"path":""}},{"id":"frame_000001","annotations":[],"attr":{"frame":1},"point_cloud":{"path":""}},{"id":"frame_000002","annotations":[],"attr":{"frame":2},"point_cloud":{"path":""}},{"id":"frame_000003","annotations":[],"attr":{"frame":3},"point_cloud":{"path":""}},{"id":"frame_000004","annotations":[{"id":0,"type":"bbox","attributes":{"occluded":false,"rotation":0.0},"group":0,"label_id":0,"z_order":0,"bbox":[1690.0,1132.0,54.0,134.0]}],"attr":{"frame":4},"point_cloud":{"path":""}},{"id":"frame_000005","annotations":[{"id":0,"type":"bbox","attributes":{"occluded":false,"rotation":0.0},"group":0,"label_id":0,"z_order":0,"bbox":[1701.0,1137.0,54.0,128.0]}],"attr":{"frame":5},"point_cloud":{"path":""}},{"id":"frame_000006","annotations":[{"id":0,"type":"bbox","attributes":{"occluded":false,"rotation":0.0},"group":0,"label_id":0,"z_order":0,"bbox":[1726.0,1146.0,49.0,126.0]}],"attr":{"frame":6},"point_cloud":{"path":""}},{"id":"frame_000007","annotations":[{"id":0,"type":"bbox","attributes":{"occluded":false,"rotation":0.0},"group":0,"label_id":0,"z_order":0,"bbox":[1741.0,1154.0,55.0,118.0]},{"id":0,"type":"bbox","attributes":{"occluded":false,"rotation":0.0},"group":0,"label_id":0,"z_order":0,"bbox":[2102.0,1004.0,55.0,164.0]}],"attr":{"frame":7},"point_cloud":{"path":""}},{"id":"frame_000008","annotations":[{"id":0,"type":"bbox","attributes":{"occluded":false,"rotation":0.0},"group":0,"label_id":0,"z_order":0,"bbox":[1743.0,1167.0,71.0,110.0]}],"attr":{"frame":8},"point_cloud":{"path":""}},{"id":"frame_000009","annotations":[{"id":0,"type":"bbox","attributes":{"occluded":false,"rotation":0.0},"group":0,"label_id":0,"z_order":0,"bbox":[1740.0,1165.0,87.0,114.0]},{"id":0,"type":"bbox","attributes":{"occluded":false,"rotation":0.0},"group":0,"label_id":0,"z_order":0,"bbox":[2114.0,980.0,94.0,162.0]}],"attr":{"frame":9},"point_cloud":{"path":""}},{"id":"frame_000010","annotations":[{"id":0,"type":"bbox","attributes":{"occluded":false,"rotation":0.0},"group":0,"label_id":0,"z_order":0,"bbox":[1737.0,1168.0,107.0,120.0]},{"id":0,"type":"bbox","attributes":{"occluded":false,"rotation":0.0},"group":0,"label_id":0,"z_order":0,"bbox":[2115.0,973.0,107.0,143.0]}],"attr":{"frame":10},"point_cloud":{"path":""}},{"id":"frame_000011","annotations":[{"id":0,"type":"bbox","attributes":{"occluded":false,"rotation":0.0},"group":0,"label_id":0,"z_order":0,"bbox":[2119.0,974.0,110.0,129.0]},{"id":0,"type":"bbox","attributes":{"occluded":false,"rotation":0.0},"group":0,"label_id":0,"z_order":0,"bbox":[1740.0,1173.0,120.0,125.0]}],"attr":{"frame":11},"point_cloud":{"path":""}},{"id":"frame_000012","annotations":[{"id":0,"type":"bbox","attributes":{"occluded":false,"rotation":0.0},"group":0,"label_id":0,"z_order":0,"bbox":[2120.0,968.0,103.0,135.0]},{"id":0,"type":"bbox","attributes":{"occluded":false,"rotation":0.0},"group":0,"label_id":0,"z_order":0,"bbox":[1746.0,1181.0,120.0,122.0]}],"attr":{"frame":12},"point_cloud":{"path":""}},{"id":"frame_000013","annotations":[{"id":0,"type":"bbox","attributes":{"occluded":false,"rotation":0.0},"group":0,"label_id":0,"z_order":0,"bbox":[2121.0,970.0,90.0,141.0]},{"id":0,"type":"bbox","attributes":{"occluded":false,"rotation":0.0},"group":0,"label_id":0,"z_order":0,"bbox":[1752.0,1183.0,120.0,124.0]}],"attr":{"frame":13},"point_cloud":{"path":""}},{"id":"frame_000014","annotations":[{"id":0,"type":"bbox","attributes":{"occluded":false,"rotation":0.0},"group":0,"label_id":0,"z_order":0,"bbox":[1751.0,1178.0,120.0,140.0]},{"id":0,"type":"bbox","attributes":{"occluded":false,"rotation":0.0},"group":0,"label_id":0,"z_order":0,"bbox":[2121.0,969.0,72.0,151.0]}],"attr":{"frame":14},"point_cloud":{"path":""}},{"id":"frame_000015","annotations":[{"id":0,"type":"bbox","attributes":{"occluded":false,"rotation":0.0},"group":0,"label_id":0,"z_order":0,"bbox":[2124.0,968.0,47.0,153.0]},{"id":0,"type":"bbox","attributes":{"occluded":false,"rotation":0.0},"group":0,"label_id":0,"z_order":0,"bbox":[1761.0,1184.0,107.0,141.0]}],"attr":{"frame":15},"point_cloud":{"path":""}},{"id":"frame_000016","annotations":[{"id":0,"type":"bbox","attributes":{"occluded":false,"rotation":0.0},"group":0,"label_id":0,"z_order":0,"bbox":[2118.0,948.0,41.0,160.0]},{"id":0,"type":"bbox","attributes":{"occluded":false,"rotation":0.0},"group":0,"label_id":0,"z_order":0,"bbox":[1770.0,1185.0,92.0,144.0]}],"attr":{"frame":16},"point_cloud":{"path":""}},{"id":"frame_000017","annotations":[{"id":0,"type":"bbox","attributes":{"occluded":false,"rotation":0.0},"group":0,"label_id":0,"z_order":0,"bbox":[1779.0,1185.0,75.0,149.0]}],"attr":{"frame":17},"point_cloud":{"path":""}},{"id":"frame_000018","annotations":[{"id":0,"type":"bbox","attributes":{"occluded":false,"rotation":0.0},"group":0,"label_id":0,"z_order":0,"bbox":[1780.0,1180.0,75.0,156.0]}],"attr":{"frame":18},"point_cloud":{"path":""}},{"id":"frame_000019","annotations":[{"id":0,"type":"bbox","attributes":{"occluded":false,"rotation":0.0},"group":0,"label_id":0,"z_order":0,"bbox":[1783.0,1182.0,69.0,150.0]}],"attr":{"frame":19},"point_cloud":{"path":""}},{"id":"frame_000020","annotations":[{"id":0,"type":"bbox","attributes":{"occluded":false,"rotation":0.0},"group":0,"label_id":0,"z_order":0,"bbox":[1784.0,1192.0,57.0,132.0]}],"attr":{"frame":20},"point_cloud":{"path":""}},{"id":"frame_000021","annotations":[{"id":0,"type":"bbox","attributes":{"occluded":false,"rotation":0.0},"group":0,"label_id":0,"z_order":0,"bbox":[1781.0,1185.0,50.0,130.0]}],"attr":{"frame":21},"point_cloud":{"path":""}},{"id":"frame_000022","annotations":[{"id":0,"type":"bbox","attributes":{"occluded":false,"rotation":0.0},"group":0,"label_id":0,"z_order":0,"bbox":[1764.0,1187.0,61.0,115.0]}],"attr":{"frame":22},"point_cloud":{"path":""}},{"id":"frame_000023","annotations":[{"id":0,"type":"bbox","attributes":{"occluded":false,"rotation":0.0},"group":0,"label_id":0,"z_order":0,"bbox":[1764.0,1188.0,58.0,101.0]}],"attr":{"frame":23},"point_cloud":{"path":""}},{"id":"frame_000024","annotations":[{"id":0,"type":"bbox","attributes":{"occluded":false,"rotation":0.0},"group":0,"label_id":0,"z_order":0,"bbox":[1767.0,1198.0,52.0,79.0]}],"attr":{"frame":24},"point_cloud":{"path":""}},{"id":"frame_000025","annotations":[],"attr":{"frame":25},"point_cloud":{"path":""}},{"id":"frame_000026","annotations":[],"attr":{"frame":26},"point_cloud":{"path":""}},{"id":"frame_000027","annotations":[],"attr":{"frame":27},"point_cloud":{"path":""}},{"id":"frame_000028","annotations":[],"attr":{"frame":28},"point_cloud":{"path":""}},{"id":"frame_000029","annotations":[],"attr":{"frame":29},"point_cloud":{"path":""}},{"id":"frame_000030","annotations":[],"attr":{"frame":30},"point_cloud":{"path":""}},{"id":"frame_000031","annotations":[],"attr":{"frame":31},"point_cloud":{"path":""}},{"id":"frame_000032","annotations":[],"attr":{"frame":32},"point_cloud":{"path":""}},{"id":"frame_000033","annotations":[],"attr":{"frame":33},"point_cloud":{"path":""}},{"id":"frame_000034","annotations":[],"attr":{"frame":34},"point_cloud":{"path":""}},{"id":"frame_000035","annotations":[],"attr":{"frame":35},"point_cloud":{"path":""}},{"id":"frame_000036","annotations":[],"attr":{"frame":36},"point_cloud":{"path":""}},{"id":"frame_000037","annotations":[],"attr":{"frame":37},"point_cloud":{"path":""}},{"id":"frame_000038","annotations":[],"attr":{"frame":38},"point_cloud":{"path":""}},{"id":"frame_000039","annotations":[{"id":0,"type":"bbox","attributes":{"occluded":false,"rotation":0.0},"group":0,"label_id":0,"z_order":0,"bbox":[1854.0,1231.0,59.0,128.0]}],"attr":{"frame":39},"point_cloud":{"path":""}},{"id":"frame_000040","annotations":[],"attr":{"frame":40},"point_cloud":{"path":""}},{"id":"frame_000041","annotations":[{"id":0,"type":"bbox","attributes":{"occluded":false,"rotation":0.0},"group":0,"label_id":0,"z_order":0,"bbox":[1877.0,1237.0,70.0,150.0]}],"attr":{"frame":41},"point_cloud":{"path":""}},{"id":"frame_000042","annotations":[{"id":0,"type":"bbox","attributes":{"occluded":false,"rotation":0.0},"group":0,"label_id":0,"z_order":0,"bbox":[1884.0,1254.0,74.0,145.0]}],"attr":{"frame":42},"point_cloud":{"path":""}},{"id":"frame_000043","annotations":[{"id":0,"type":"bbox","attributes":{"occluded":false,"rotation":0.0},"group":0,"label_id":0,"z_order":0,"bbox":[1893.0,1276.0,78.0,138.0]}],"attr":{"frame":43},"point_cloud":{"path":""}},{"id":"frame_000044","annotations":[{"id":0,"type":"bbox","attributes":{"occluded":false,"rotation":0.0},"group":0,"label_id":0,"z_order":0,"bbox":[1895.0,1279.0,86.0,147.0]}],"attr":{"frame":44},"point_cloud":{"path":""}},{"id":"frame_000045","annotations":[{"id":0,"type":"bbox","attributes":{"occluded":false,"rotation":0.0},"group":0,"label_id":0,"z_order":0,"bbox":[1896.0,1279.0,94.0,154.0]}],"attr":{"frame":45},"point_cloud":{"path":""}},{"id":"frame_000046","annotations":[{"id":0,"type":"bbox","attributes":{"occluded":false,"rotation":0.0},"group":0,"label_id":0,"z_order":0,"bbox":[1901.0,1285.0,98.0,158.0]},{"id":0,"type":"bbox","attributes":{"occluded":false,"rotation":0.0},"group":0,"label_id":0,"z_order":0,"bbox":[2184.0,939.0,53.0,46.0]}],"attr":{"frame":46},"point_cloud":{"path":""}},{"id":"frame_000047","annotations":[{"id":0,"type":"bbox","attributes":{"occluded":false,"rotation":0.0},"group":0,"label_id":0,"z_order":0,"bbox":[1906.0,1285.0,102.0,166.0]},{"id":0,"type":"bbox","attributes":{"occluded":false,"rotation":0.0},"group":0,"label_id":0,"z_order":0,"bbox":[2193.0,957.0,55.0,45.0]}],"attr":{"frame":47},"point_cloud":{"path":""}},{"id":"frame_000048","annotations":[{"id":0,"type":"bbox","attributes":{"occluded":false,"rotation":0.0},"group":0,"label_id":0,"z_order":0,"bbox":[1907.0,1283.0,108.0,171.0]},{"id":0,"type":"bbox","attributes":{"occluded":false,"rotation":0.0},"group":0,"label_id":0,"z_order":0,"bbox":[2193.0,973.0,62.0,46.0]}],"attr":{"frame":48},"point_cloud":{"path":""}},{"id":"frame_000049","annotations":[{"id":0,"type":"bbox","attributes":{"occluded":false,"rotation":0.0},"group":0,"label_id":0,"z_order":0,"bbox":[1906.0,1283.0,115.0,173.0]},{"id":0,"type":"bbox","attributes":{"occluded":false,"rotation":0.0},"group":0,"label_id":0,"z_order":0,"bbox":[2149.0,971.0,112.0,75.0]}],"attr":{"frame":49},"point_cloud":{"path":""}},{"id":"frame_000050","annotations":[{"id":0,"type":"bbox","attributes":{"occluded":false,"rotation":0.0},"group":0,"label_id":0,"z_order":0,"bbox":[2145.0,965.0,116.0,105.0]},{"id":0,"type":"bbox","attributes":{"occluded":false,"rotation":0.0},"group":0,"label_id":0,"z_order":0,"bbox":[1905.0,1281.0,118.0,177.0]}],"attr":{"frame":50},"point_cloud":{"path":""}},{"id":"frame_000051","annotations":[{"id":0,"type":"bbox","attributes":{"occluded":false,"rotation":0.0},"group":0,"label_id":0,"z_order":0,"bbox":[1916.0,1290.0,110.0,168.0]},{"id":0,"type":"bbox","attributes":{"occluded":false,"rotation":0.0},"group":0,"label_id":0,"z_order":0,"bbox":[2149.0,952.0,96.0,126.0]}],"attr":{"frame":51},"point_cloud":{"path":""}},{"id":"frame_000052","annotations":[{"id":0,"type":"bbox","attributes":{"occluded":false,"rotation":0.0},"group":0,"label_id":0,"z_order":0,"bbox":[2147.0,924.0,73.0,148.0]},{"id":0,"type":"bbox","attributes":{"occluded":false,"rotation":0.0},"group":0,"label_id":0,"z_order":0,"bbox":[1916.0,1285.0,111.0,169.0]}],"attr":{"frame":52},"point_cloud":{"path":""}},{"id":"frame_000053","annotations":[{"id":0,"type":"bbox","attributes":{"occluded":false,"rotation":0.0},"group":0,"label_id":0,"z_order":0,"bbox":[1917.0,1283.0,108.0,168.0]}],"attr":{"frame":53},"point_cloud":{"path":""}},{"id":"frame_000054","annotations":[{"id":0,"type":"bbox","attributes":{"occluded":false,"rotation":0.0},"group":0,"label_id":0,"z_order":0,"bbox":[1901.0,1277.0,122.0,171.0]}],"attr":{"frame":54},"point_cloud":{"path":""}},{"id":"frame_000055","annotations":[{"id":0,"type":"bbox","attributes":{"occluded":false,"rotation":0.0},"group":0,"label_id":0,"z_order":0,"bbox":[1903.0,1279.0,114.0,162.0]}],"attr":{"frame":55},"point_cloud":{"path":""}},{"id":"frame_000056","annotations":[{"id":0,"type":"bbox","attributes":{"occluded":false,"rotation":0.0},"group":0,"label_id":0,"z_order":0,"bbox":[1902.0,1281.0,107.0,153.0]}],"attr":{"frame":56},"point_cloud":{"path":""}},{"id":"frame_000057","annotations":[{"id":0,"type":"bbox","attributes":{"occluded":false,"rotation":0.0},"group":0,"label_id":0,"z_order":0,"bbox":[1906.0,1280.0,94.0,152.0]}],"attr":{"frame":57},"point_cloud":{"path":""}},{"id":"frame_000058","annotations":[{"id":0,"type":"bbox","attributes":{"occluded":false,"rotation":0.0},"group":0,"label_id":0,"z_order":0,"bbox":[1907.0,1280.0,83.0,145.0]}],"attr":{"frame":58},"point_cloud":{"path":""}},{"id":"frame_000059","annotations":[{"id":0,"type":"bbox","attributes":{"occluded":false,"rotation":0.0},"group":0,"label_id":0,"z_order":0,"bbox":[1905.0,1271.0,71.0,147.0]}],"attr":{"frame":59},"point_cloud":{"path":""}},{"id":"frame_000060","annotations":[{"id":0,"type":"bbox","attributes":{"occluded":false,"rotation":0.0},"group":0,"label_id":0,"z_order":0,"bbox":[1905.0,1263.0,59.0,150.0]}],"attr":{"frame":60},"point_cloud":{"path":""}},{"id":"frame_000061","annotations":[{"id":0,"type":"bbox","attributes":{"occluded":false,"rotation":0.0},"group":0,"label_id":0,"z_order":0,"bbox":[1903.0,1257.0,53.0,149.0]}],"attr":{"frame":61},"point_cloud":{"path":""}},{"id":"frame_000062","annotations":[{"id":0,"type":"bbox","attributes":{"occluded":false,"rotation":0.0},"group":0,"label_id":0,"z_order":0,"bbox":[1903.0,1276.0,44.0,120.0]}],"attr":{"frame":62},"point_cloud":{"path":""}},{"id":"frame_000063","annotations":[],"attr":{"frame":63},"point_cloud":{"path":""}},{"id":"frame_000064","annotations":[],"attr":{"frame":64},"point_cloud":{"path":""}},{"id":"frame_000065","annotations":[{"id":0,"type":"bbox","attributes":{"occluded":false,"rotation":0.0},"group":0,"label_id":0,"z_order":0,"bbox":[1867.0,1231.0,45.0,135.0]}],"attr":{"frame":65},"point_cloud":{"path":""}},{"id":"frame_000066","annotations":[],"attr":{"frame":66},"point_cloud":{"path":""}},{"id":"frame_000067","annotations":[],"attr":{"frame":67},"point_cloud":{"path":""}},{"id":"frame_000068","annotations":[],"attr":{"frame":68},"point_cloud":{"path":""}},{"id":"frame_000069","annotations":[],"attr":{"frame":69},"point_cloud":{"path":""}},{"id":"frame_000070","annotations":[],"attr":{"frame":70},"point_cloud":{"path":""}},{"id":"frame_000071","annotations":[],"attr":{"frame":71},"point_cloud":{"path":""}},{"id":"frame_000072","annotations":[],"attr":{"frame":72},"point_cloud":{"path":""}},{"id":"frame_000073","annotations":[{"id":0,"type":"bbox","attributes":{"occluded":false,"rotation":0.0},"group":0,"label_id":0,"z_order":0,"bbox":[2211.0,994.0,38.0,122.0]}],"attr":{"frame":73},"point_cloud":{"path":""}},{"id":"frame_000074","annotations":[{"id":0,"type":"bbox","attributes":{"occluded":false,"rotation":0.0},"group":0,"label_id":0,"z_order":0,"bbox":[2214.0,994.0,46.0,129.0]}],"attr":{"frame":74},"point_cloud":{"path":""}},{"id":"frame_000075","annotations":[{"id":0,"type":"bbox","attributes":{"occluded":false,"rotation":0.0},"group":0,"label_id":0,"z_order":0,"bbox":[2226.0,996.0,40.0,128.0]}],"attr":{"frame":75},"point_cloud":{"path":""}},{"id":"frame_000076","annotations":[{"id":0,"type":"bbox","attributes":{"occluded":false,"rotation":0.0},"group":0,"label_id":0,"z_order":0,"bbox":[2224.0,982.0,46.0,141.0]}],"attr":{"frame":76},"point_cloud":{"path":""}},{"id":"frame_000077","annotations":[{"id":0,"type":"bbox","attributes":{"occluded":false,"rotation":0.0},"group":0,"label_id":0,"z_order":0,"bbox":[2244.0,990.0,39.0,128.0]}],"attr":{"frame":77},"point_cloud":{"path":""}},{"id":"frame_000078","annotations":[],"attr":{"frame":78},"point_cloud":{"path":""}},{"id":"frame_000079","annotations":[{"id":0,"type":"bbox","attributes":{"occluded":false,"rotation":0.0},"group":0,"label_id":0,"z_order":0,"bbox":[2256.0,983.0,34.0,126.0]}],"attr":{"frame":79},"point_cloud":{"path":""}},{"id":"frame_000080","annotations":[],"attr":{"frame":80},"point_cloud":{"path":""}},{"id":"frame_000081","annotations":[],"attr":{"frame":81},"point_cloud":{"path":""}},{"id":"frame_000082","annotations":[],"attr":{"frame":82},"point_cloud":{"path":""}},{"id":"frame_000083","annotations":[],"attr":{"frame":83},"point_cloud":{"path":""}},{"id":"frame_000084","annotations":[],"attr":{"frame":84},"point_cloud":{"path":""}},{"id":"frame_000085","annotations":[],"attr":{"frame":85},"point_cloud":{"path":""}},{"id":"frame_000086","annotations":[],"attr":{"frame":86},"point_cloud":{"path":""}},{"id":"frame_000087","annotations":[],"attr":{"frame":87},"point_cloud":{"path":""}},{"id":"frame_000088","annotations":[],"attr":{"frame":88},"point_cloud":{"path":""}},{"id":"frame_000089","annotations":[],"attr":{"frame":89},"point_cloud":{"path":""}},{"id":"frame_000090","annotations":[],"attr":{"frame":90},"point_cloud":{"path":""}},{"id":"frame_000091","annotations":[],"attr":{"frame":91},"point_cloud":{"path":""}},{"id":"frame_000092","annotations":[],"attr":{"frame":92},"point_cloud":{"path":""}},{"id":"frame_000093","annotations":[],"attr":{"frame":93},"point_cloud":{"path":""}},{"id":"frame_000094","annotations":[],"attr":{"frame":94},"point_cloud":{"path":""}},{"id":"frame_000095","annotations":[],"attr":{"frame":95},"point_cloud":{"path":""}},{"id":"frame_000096","annotations":[],"attr":{"frame":96},"point_cloud":{"path":""}},{"id":"frame_000097","annotations":[{"id":0,"type":"bbox","attributes":{"occluded":false,"rotation":0.0},"group":0,"label_id":0,"z_order":0,"bbox":[1368.0,1072.0,101.0,81.0]}],"attr":{"frame":97},"point_cloud":{"path":""}},{"id":"frame_000098","annotations":[],"attr":{"frame":98},"point_cloud":{"path":""}},{"id":"frame_000099","annotations":[],"attr":{"frame":99},"point_cloud":{"path":""}},{"id":"frame_000100","annotations":[],"attr":{"frame":100},"point_cloud":{"path":""}},{"id":"frame_000101","annotations":[],"attr":{"frame":101},"point_cloud":{"path":""}},{"id":"frame_000102","annotations":[],"attr":{"frame":102},"point_cloud":{"path":""}},{"id":"frame_000103","annotations":[],"attr":{"frame":103},"point_cloud":{"path":""}},{"id":"frame_000104","annotations":[],"attr":{"frame":104},"point_cloud":{"path":""}},{"id":"frame_000105","annotations":[],"attr":{"frame":105},"point_cloud":{"path":""}},{"id":"frame_000106","annotations":[],"attr":{"frame":106},"point_cloud":{"path":""}},{"id":"frame_000107","annotations":[],"attr":{"frame":107},"point_cloud":{"path":""}},{"id":"frame_000108","annotations":[],"attr":{"frame":108},"point_cloud":{"path":""}},{"id":"frame_000109","annotations":[],"attr":{"frame":109},"point_cloud":{"path":""}},{"id":"frame_000110","annotations":[],"attr":{"frame":110},"point_cloud":{"path":""}},{"id":"frame_000111","annotations":[{"id":0,"type":"bbox","attributes":{"occluded":false,"rotation":0.0},"group":0,"label_id":0,"z_order":0,"bbox":[1376.0,1038.0,65.0,61.0]}],"attr":{"frame":111},"point_cloud":{"path":""}},{"id":"frame_000112","annotations":[{"id":0,"type":"bbox","attributes":{"occluded":false,"rotation":0.0},"group":0,"label_id":0,"z_order":0,"bbox":[1375.0,1036.0,68.0,64.0]}],"attr":{"frame":112},"point_cloud":{"path":""}},{"id":"frame_000113","annotations":[{"id":0,"type":"bbox","attributes":{"occluded":false,"rotation":0.0},"group":0,"label_id":0,"z_order":0,"bbox":[1367.0,1037.0,76.0,61.0]}],"attr":{"frame":113},"point_cloud":{"path":""}},{"id":"frame_000114","annotations":[{"id":0,"type":"bbox","attributes":{"occluded":false,"rotation":0.0},"group":0,"label_id":0,"z_order":0,"bbox":[1363.0,1036.0,81.0,59.0]}],"attr":{"frame":114},"point_cloud":{"path":""}},{"id":"frame_000115","annotations":[{"id":0,"type":"bbox","attributes":{"occluded":false,"rotation":0.0},"group":0,"label_id":0,"z_order":0,"bbox":[1362.0,1037.0,80.0,56.0]}],"attr":{"frame":115},"point_cloud":{"path":""}},{"id":"frame_000116","annotations":[{"id":0,"type":"bbox","attributes":{"occluded":false,"rotation":0.0},"group":0,"label_id":0,"z_order":0,"bbox":[1361.0,1034.0,75.0,59.0]}],"attr":{"frame":116},"point_cloud":{"path":""}},{"id":"frame_000117","annotations":[{"id":0,"type":"bbox","attributes":{"occluded":false,"rotation":0.0},"group":0,"label_id":0,"z_order":0,"bbox":[1359.0,1033.0,79.0,59.0]}],"attr":{"frame":117},"point_cloud":{"path":""}},{"id":"frame_000118","annotations":[{"id":0,"type":"bbox","attributes":{"occluded":false,"rotation":0.0},"group":0,"label_id":0,"z_order":0,"bbox":[1362.0,1034.0,81.0,60.0]}],"attr":{"frame":118},"point_cloud":{"path":""}},{"id":"frame_000119","annotations":[{"id":0,"type":"bbox","attributes":{"occluded":false,"rotation":0.0},"group":0,"label_id":0,"z_order":0,"bbox":[1362.0,1027.0,88.0,66.0]}],"attr":{"frame":119},"point_cloud":{"path":""}},{"id":"frame_000120","annotations":[{"id":0,"type":"bbox","attributes":{"occluded":false,"rotation":0.0},"group":0,"label_id":0,"z_order":0,"bbox":[1363.0,1028.0,62.0,66.0]}],"attr":{"frame":120},"point_cloud":{"path":""}},{"id":"frame_000121","annotations":[{"id":0,"type":"bbox","attributes":{"occluded":false,"rotation":0.0},"group":0,"label_id":0,"z_order":0,"bbox":[1366.0,1024.0,97.0,67.0]}],"attr":{"frame":121},"point_cloud":{"path":""}},{"id":"frame_000122","annotations":[],"attr":{"frame":122},"point_cloud":{"path":""}},{"id":"frame_000123","annotations":[],"attr":{"frame":123},"point_cloud":{"path":""}},{"id":"frame_000124","annotations":[],"attr":{"frame":124},"point_cloud":{"path":""}},{"id":"frame_000125","annotations":[{"id":0,"type":"bbox","attributes":{"occluded":false,"rotation":0.0},"group":0,"label_id":0,"z_order":0,"bbox":[1344.0,998.0,60.0,94.0]}],"attr":{"frame":125},"point_cloud":{"path":""}},{"id":"frame_000126","annotations":[],"attr":{"frame":126},"point_cloud":{"path":""}},{"id":"frame_000127","annotations":[],"attr":{"frame":127},"point_cloud":{"path":""}},{"id":"frame_000128","annotations":[],"attr":{"frame":128},"point_cloud":{"path":""}},{"id":"frame_000129","annotations":[],"attr":{"frame":129},"point_cloud":{"path":""}},{"id":"frame_000130","annotations":[],"attr":{"frame":130},"point_cloud":{"path":""}},{"id":"frame_000131","annotations":[],"attr":{"frame":131},"point_cloud":{"path":""}},{"id":"frame_000132","annotations":[],"attr":{"frame":132},"point_cloud":{"path":""}},{"id":"frame_000133","annotations":[],"attr":{"frame":133},"point_cloud":{"path":""}},{"id":"frame_000134","annotations":[],"attr":{"frame":134},"point_cloud":{"path":""}},{"id":"frame_000135","annotations":[],"attr":{"frame":135},"point_cloud":{"path":""}},{"id":"frame_000136","annotations":[],"attr":{"frame":136},"point_cloud":{"path":""}},{"id":"frame_000137","annotations":[],"attr":{"frame":137},"point_cloud":{"path":""}},{"id":"frame_000138","annotations":[],"attr":{"frame":138},"point_cloud":{"path":""}},{"id":"frame_000139","annotations":[],"attr":{"frame":139},"point_cloud":{"path":""}},{"id":"frame_000140","annotations":[],"attr":{"frame":140},"point_cloud":{"path":""}},{"id":"frame_000141","annotations":[],"attr":{"frame":141},"point_cloud":{"path":""}},{"id":"frame_000142","annotations":[],"attr":{"frame":142},"point_cloud":{"path":""}},{"id":"frame_000143","annotations":[],"attr":{"frame":143},"point_cloud":{"path":""}},{"id":"frame_000144","annotations":[],"attr":{"frame":144},"point_cloud":{"path":""}},{"id":"frame_000145","annotations":[],"attr":{"frame":145},"point_cloud":{"path":""}},{"id":"frame_000146","annotations":[],"attr":{"frame":146},"point_cloud":{"path":""}},{"id":"frame_000147","annotations":[],"attr":{"frame":147},"point_cloud":{"path":""}},{"id":"frame_000148","annotations":[],"attr":{"frame":148},"point_cloud":{"path":""}},{"id":"frame_000149","annotations":[],"attr":{"frame":149},"point_cloud":{"path":""}},{"id":"frame_000150","annotations":[],"attr":{"frame":150},"point_cloud":{"path":""}},{"id":"frame_000151","annotations":[],"attr":{"frame":151},"point_cloud":{"path":""}},{"id":"frame_000152","annotations":[],"attr":{"frame":152},"point_cloud":{"path":""}},{"id":"frame_000153","annotations":[],"attr":{"frame":153},"point_cloud":{"path":""}},{"id":"frame_000154","annotations":[],"attr":{"frame":154},"point_cloud":{"path":""}},{"id":"frame_000155","annotations":[],"attr":{"frame":155},"point_cloud":{"path":""}},{"id":"frame_000156","annotations":[],"attr":{"frame":156},"point_cloud":{"path":""}},{"id":"frame_000157","annotations":[],"attr":{"frame":157},"point_cloud":{"path":""}},{"id":"frame_000158","annotations":[],"attr":{"frame":158},"point_cloud":{"path":""}},{"id":"frame_000159","annotations":[],"attr":{"frame":159},"point_cloud":{"path":""}},{"id":"frame_000160","annotations":[],"attr":{"frame":160},"point_cloud":{"path":""}},{"id":"frame_000161","annotations":[],"attr":{"frame":161},"point_cloud":{"path":""}},{"id":"frame_000162","annotations":[],"attr":{"frame":162},"point_cloud":{"path":""}},{"id":"frame_000163","annotations":[],"attr":{"frame":163},"point_cloud":{"path":""}},{"id":"frame_000164","annotations":[],"attr":{"frame":164},"point_cloud":{"path":""}},{"id":"frame_000165","annotations":[],"attr":{"frame":165},"point_cloud":{"path":""}},{"id":"frame_000166","annotations":[],"attr":{"frame":166},"point_cloud":{"path":""}},{"id":"frame_000167","annotations":[],"attr":{"frame":167},"point_cloud":{"path":""}},{"id":"frame_000168","annotations":[],"attr":{"frame":168},"point_cloud":{"path":""}},{"id":"frame_000169","annotations":[],"attr":{"frame":169},"point_cloud":{"path":""}},{"id":"frame_000170","annotations":[],"attr":{"frame":170},"point_cloud":{"path":""}},{"id":"frame_000171","annotations":[],"attr":{"frame":171},"point_cloud":{"path":""}},{"id":"frame_000172","annotations":[{"id":0,"type":"bbox","attributes":{"occluded":false,"rotation":0.0},"group":0,"label_id":0,"z_order":0,"bbox":[1869.0,1024.0,91.0,66.0]}],"attr":{"frame":172},"point_cloud":{"path":""}},{"id":"frame_000173","annotations":[{"id":0,"type":"bbox","attributes":{"occluded":false,"rotation":0.0},"group":0,"label_id":0,"z_order":0,"bbox":[1855.0,1023.0,111.0,68.0]}],"attr":{"frame":173},"point_cloud":{"path":""}},{"id":"frame_000174","annotations":[{"id":0,"type":"bbox","attributes":{"occluded":false,"rotation":0.0},"group":0,"label_id":0,"z_order":0,"bbox":[1838.0,1026.0,127.0,64.0]}],"attr":{"frame":174},"point_cloud":{"path":""}},{"id":"frame_000175","annotations":[],"attr":{"frame":175},"point_cloud":{"path":""}},{"id":"frame_000176","annotations":[{"id":0,"type":"bbox","attributes":{"occluded":false,"rotation":0.0},"group":0,"label_id":0,"z_order":0,"bbox":[1817.0,1029.0,141.0,70.0]}],"attr":{"frame":176},"point_cloud":{"path":""}},{"id":"frame_000177","annotations":[{"id":0,"type":"bbox","attributes":{"occluded":false,"rotation":0.0},"group":0,"label_id":0,"z_order":0,"bbox":[1812.0,1030.0,146.0,69.0]}],"attr":{"frame":177},"point_cloud":{"path":""}},{"id":"frame_000178","annotations":[{"id":0,"type":"bbox","attributes":{"occluded":false,"rotation":0.0},"group":0,"label_id":0,"z_order":0,"bbox":[1812.0,1034.0,142.0,70.0]}],"attr":{"frame":178},"point_cloud":{"path":""}},{"id":"frame_000179","annotations":[{"id":0,"type":"bbox","attributes":{"occluded":false,"rotation":0.0},"group":0,"label_id":0,"z_order":0,"bbox":[1811.0,1040.0,136.0,69.0]}],"attr":{"frame":179},"point_cloud":{"path":""}},{"id":"frame_000180","annotations":[{"id":0,"type":"bbox","attributes":{"occluded":false,"rotation":0.0},"group":0,"label_id":0,"z_order":0,"bbox":[1817.0,1049.0,134.0,65.0]},{"id":0,"type":"bbox","attributes":{"occluded":false,"rotation":0.0},"group":0,"label_id":0,"z_order":0,"bbox":[1777.0,625.0,82.0,107.0]}],"attr":{"frame":180},"point_cloud":{"path":""}},{"id":"frame_000181","annotations":[],"attr":{"frame":181},"point_cloud":{"path":""}},{"id":"frame_000182","annotations":[{"id":0,"type":"bbox","attributes":{"occluded":false,"rotation":0.0},"group":0,"label_id":0,"z_order":0,"bbox":[1832.0,1071.0,92.0,65.0]},{"id":0,"type":"bbox","attributes":{"occluded":false,"rotation":0.0},"group":0,"label_id":0,"z_order":0,"bbox":[1790.0,687.0,41.0,58.0]}],"attr":{"frame":182},"point_cloud":{"path":""}}]}