ImageID,Subset,OriginalURL,OriginalLandingURL,License,AuthorProfileURL,Author,Title,OriginalSize,OriginalMD5,Thumbnail300KURL,Rotation
frame_000000,default,,,,,,,,,,
frame_000001,default,,,,,,,,,,
frame_000002,default,,,,,,,,,,
frame_000003,default,,,,,,,,,,
frame_000004,default,,,,,,,,,,
frame_000005,default,,,,,,,,,,
frame_000006,default,,,,,,,,,,
frame_000007,default,,,,,,,,,,
frame_000008,default,,,,,,,,,,
frame_000009,default,,,,,,,,,,
frame_000010,default,,,,,,,,,,
frame_000011,default,,,,,,,,,,
frame_000012,default,,,,,,,,,,
frame_000013,default,,,,,,,,,,
frame_000014,default,,,,,,,,,,
frame_000015,default,,,,,,,,,,
frame_000016,default,,,,,,,,,,
frame_000017,default,,,,,,,,,,
frame_000018,default,,,,,,,,,,
frame_000019,default,,,,,,,,,,
frame_000020,default,,,,,,,,,,
frame_000021,default,,,,,,,,,,
frame_000022,default,,,,,,,,,,
frame_000023,default,,,,,,,,,,
frame_000024,default,,,,,,,,,,
frame_000025,default,,,,,,,,,,
frame_000026,default,,,,,,,,,,
frame_000027,default,,,,,,,,,,
frame_000028,default,,,,,,,,,,
frame_000029,default,,,,,,,,,,
frame_000030,default,,,,,,,,,,
frame_000031,default,,,,,,,,,,
frame_000032,default,,,,,,,,,,
frame_000033,default,,,,,,,,,,
frame_000034,default,,,,,,,,,,
frame_000035,default,,,,,,,,,,
frame_000036,default,,,,,,,,,,
frame_000037,default,,,,,,,,,,
frame_000038,default,,,,,,,,,,
frame_000039,default,,,,,,,,,,
frame_000040,default,,,,,,,,,,
frame_000041,default,,,,,,,,,,
frame_000042,default,,,,,,,,,,
frame_000043,default,,,,,,,,,,
frame_000044,default,,,,,,,,,,
frame_000045,default,,,,,,,,,,
frame_000046,default,,,,,,,,,,
frame_000047,default,,,,,,,,,,
frame_000048,default,,,,,,,,,,
frame_000049,default,,,,,,,,,,
frame_000050,default,,,,,,,,,,
frame_000051,default,,,,,,,,,,
frame_000052,default,,,,,,,,,,
frame_000053,default,,,,,,,,,,
frame_000054,default,,,,,,,,,,
frame_000055,default,,,,,,,,,,
frame_000056,default,,,,,,,,,,
frame_000057,default,,,,,,,,,,
frame_000058,default,,,,,,,,,,
frame_000059,default,,,,,,,,,,
frame_000060,default,,,,,,,,,,
frame_000061,default,,,,,,,,,,
frame_000062,default,,,,,,,,,,
frame_000063,default,,,,,,,,,,
frame_000064,default,,,,,,,,,,
frame_000065,default,,,,,,,,,,
frame_000066,default,,,,,,,,,,
frame_000067,default,,,,,,,,,,
frame_000068,default,,,,,,,,,,
frame_000069,default,,,,,,,,,,
frame_000070,default,,,,,,,,,,
frame_000071,default,,,,,,,,,,
frame_000072,default,,,,,,,,,,
frame_000073,default,,,,,,,,,,
frame_000074,default,,,,,,,,,,
frame_000075,default,,,,,,,,,,
frame_000076,default,,,,,,,,,,
frame_000077,default,,,,,,,,,,
frame_000078,default,,,,,,,,,,
frame_000079,default,,,,,,,,,,
frame_000080,default,,,,,,,,,,
frame_000081,default,,,,,,,,,,
frame_000082,default,,,,,,,,,,
frame_000083,default,,,,,,,,,,
frame_000084,default,,,,,,,,,,
frame_000085,default,,,,,,,,,,
frame_000086,default,,,,,,,,,,
frame_000087,default,,,,,,,,,,
frame_000088,default,,,,,,,,,,
frame_000089,default,,,,,,,,,,
frame_000090,default,,,,,,,,,,
frame_000091,default,,,,,,,,,,
frame_000092,default,,,,,,,,,,
frame_000093,default,,,,,,,,,,
frame_000094,default,,,,,,,,,,
frame_000095,default,,,,,,,,,,
frame_000096,default,,,,,,,,,,
frame_000097,default,,,,,,,,,,
frame_000098,default,,,,,,,,,,
frame_000099,default,,,,,,,,,,
frame_000100,default,,,,,,,,,,
frame_000101,default,,,,,,,,,,
frame_000102,default,,,,,,,,,,
frame_000103,default,,,,,,,,,,
frame_000104,default,,,,,,,,,,
frame_000105,default,,,,,,,,,,
frame_000106,default,,,,,,,,,,
frame_000107,default,,,,,,,,,,
frame_000108,default,,,,,,,,,,
frame_000109,default,,,,,,,,,,
frame_000110,default,,,,,,,,,,
frame_000111,default,,,,,,,,,,
frame_000112,default,,,,,,,,,,
frame_000113,default,,,,,,,,,,
frame_000114,default,,,,,,,,,,
frame_000115,default,,,,,,,,,,
frame_000116,default,,,,,,,,,,
frame_000117,default,,,,,,,,,,
frame_000118,default,,,,,,,,,,
frame_000119,default,,,,,,,,,,
frame_000120,default,,,,,,,,,,
frame_000121,default,,,,,,,,,,
frame_000122,default,,,,,,,,,,
frame_000123,default,,,,,,,,,,
frame_000124,default,,,,,,,,,,
frame_000125,default,,,,,,,,,,
frame_000126,default,,,,,,,,,,
frame_000127,default,,,,,,,,,,
frame_000128,default,,,,,,,,,,
frame_000129,default,,,,,,,,,,
frame_000130,default,,,,,,,,,,
frame_000131,default,,,,,,,,,,
frame_000132,default,,,,,,,,,,
frame_000133,default,,,,,,,,,,
frame_000134,default,,,,,,,,,,
frame_000135,default,,,,,,,,,,
frame_000136,default,,,,,,,,,,
frame_000137,default,,,,,,,,,,
frame_000138,default,,,,,,,,,,
frame_000139,default,,,,,,,,,,
frame_000140,default,,,,,,,,,,
frame_000141,default,,,,,,,,,,
frame_000142,default,,,,,,,,,,
frame_000143,default,,,,,,,,,,
frame_000144,default,,,,,,,,,,
frame_000145,default,,,,,,,,,,
frame_000146,default,,,,,,,,,,
frame_000147,default,,,,,,,,,,
frame_000148,default,,,,,,,,,,
frame_000149,default,,,,,,,,,,
frame_000150,default,,,,,,,,,,
frame_000151,default,,,,,,,,,,
frame_000152,default,,,,,,,,,,
frame_000153,default,,,,,,,,,,
frame_000154,default,,,,,,,,,,
frame_000155,default,,,,,,,,,,
frame_000156,default,,,,,,,,,,
frame_000157,default,,,,,,,,,,
frame_000158,default,,,,,,,,,,
frame_000159,default,,,,,,,,,,
frame_000160,default,,,,,,,,,,
frame_000161,default,,,,,,,,,,
frame_000162,default,,,,,,,,,,
frame_000163,default,,,,,,,,,,
frame_000164,default,,,,,,,,,,
frame_000165,default,,,,,,,,,,
frame_000166,default,,,,,,,,,,
frame_000167,default,,,,,,,,,,
frame_000168,default,,,,,,,,,,
frame_000169,default,,,,,,,,,,
frame_000170,default,,,,,,,,,,
frame_000171,default,,,,,,,,,,
frame_000172,default,,,,,,,,,,
frame_000173,default,,,,,,,,,,
frame_000174,default,,,,,,,,,,
frame_000175,default,,,,,,,,,,
frame_000176,default,,,,,,,,,,
frame_000177,default,,,,,,,,,,
frame_000178,default,,,,,,,,,,
frame_000179,default,,,,,,,,,,
frame_000180,default,,,,,,,,,,
frame_000181,default,,,,,,,,,,
frame_000182,default,,,,,,,,,,
