{"licenses":[{"name":"","id":0,"url":""}],"info":{"contributor":"","date_created":"","description":"","url":"","version":"","year":""},"categories":[{"id":1,"name":"racket","supercategory":""}],"images":[{"id":1,"width":3840,"height":2160,"file_name":"frame_000000.PNG","license":0,"flickr_url":"","coco_url":"","date_captured":0},{"id":2,"width":3840,"height":2160,"file_name":"frame_000001.PNG","license":0,"flickr_url":"","coco_url":"","date_captured":0},{"id":3,"width":3840,"height":2160,"file_name":"frame_000002.PNG","license":0,"flickr_url":"","coco_url":"","date_captured":0},{"id":4,"width":3840,"height":2160,"file_name":"frame_000003.PNG","license":0,"flickr_url":"","coco_url":"","date_captured":0},{"id":5,"width":3840,"height":2160,"file_name":"frame_000004.PNG","license":0,"flickr_url":"","coco_url":"","date_captured":0},{"id":6,"width":3840,"height":2160,"file_name":"frame_000005.PNG","license":0,"flickr_url":"","coco_url":"","date_captured":0},{"id":7,"width":3840,"height":2160,"file_name":"frame_000006.PNG","license":0,"flickr_url":"","coco_url":"","date_captured":0},{"id":8,"width":3840,"height":2160,"file_name":"frame_000007.PNG","license":0,"flickr_url":"","coco_url":"","date_captured":0},{"id":9,"width":3840,"height":2160,"file_name":"frame_000008.PNG","license":0,"flickr_url":"","coco_url":"","date_captured":0},{"id":10,"width":3840,"height":2160,"file_name":"frame_000009.PNG","license":0,"flickr_url":"","coco_url":"","date_captured":0},{"id":11,"width":3840,"height":2160,"file_name":"frame_000010.PNG","license":0,"flickr_url":"","coco_url":"","date_captured":0},{"id":12,"width":3840,"height":2160,"file_name":"frame_000011.PNG","license":0,"flickr_url":"","coco_url":"","date_captured":0},{"id":13,"width":3840,"height":2160,"file_name":"frame_000012.PNG","license":0,"flickr_url":"","coco_url":"","date_captured":0},{"id":14,"width":3840,"height":2160,"file_name":"frame_000013.PNG","license":0,"flickr_url":"","coco_url":"","date_captured":0},{"id":15,"width":3840,"height":2160,"file_name":"frame_000014.PNG","license":0,"flickr_url":"","coco_url":"","date_captured":0},{"id":16,"width":3840,"height":2160,"file_name":"frame_000015.PNG","license":0,"flickr_url":"","coco_url":"","date_captured":0},{"id":17,"width":3840,"height":2160,"file_name":"frame_000016.PNG","license":0,"flickr_url":"","coco_url":"","date_captured":0},{"id":18,"width":3840,"height":2160,"file_name":"frame_000017.PNG","license":0,"flickr_url":"","coco_url":"","date_captured":0},{"id":19,"width":3840,"height":2160,"file_name":"frame_000018.PNG","license":0,"flickr_url":"","coco_url":"","date_captured":0},{"id":20,"width":3840,"height":2160,"file_name":"frame_000019.PNG","license":0,"flickr_url":"","coco_url":"","date_captured":0},{"id":21,"width":3840,"height":2160,"file_name":"frame_000020.PNG","license":0,"flickr_url":"","coco_url":"","date_captured":0},{"id":22,"width":3840,"height":2160,"file_name":"frame_000021.PNG","license":0,"flickr_url":"","coco_url":"","date_captured":0},{"id":23,"width":3840,"height":2160,"file_name":"frame_000022.PNG","license":0,"flickr_url":"","coco_url":"","date_captured":0},{"id":24,"width":3840,"height":2160,"file_name":"frame_000023.PNG","license":0,"flickr_url":"","coco_url":"","date_captured":0},{"id":25,"width":3840,"height":2160,"file_name":"frame_000024.PNG","license":0,"flickr_url":"","coco_url":"","date_captured":0},{"id":26,"width":3840,"height":2160,"file_name":"frame_000025.PNG","license":0,"flickr_url":"","coco_url":"","date_captured":0},{"id":27,"width":3840,"height":2160,"file_name":"frame_000026.PNG","license":0,"flickr_url":"","coco_url":"","date_captured":0},{"id":28,"width":3840,"height":2160,"file_name":"frame_000027.PNG","license":0,"flickr_url":"","coco_url":"","date_captured":0},{"id":29,"width":3840,"height":2160,"file_name":"frame_000028.PNG","license":0,"flickr_url":"","coco_url":"","date_captured":0},{"id":30,"width":3840,"height":2160,"file_name":"frame_000029.PNG","license":0,"flickr_url":"","coco_url":"","date_captured":0},{"id":31,"width":3840,"height":2160,"file_name":"frame_000030.PNG","license":0,"flickr_url":"","coco_url":"","date_captured":0},{"id":32,"width":3840,"height":2160,"file_name":"frame_000031.PNG","license":0,"flickr_url":"","coco_url":"","date_captured":0},{"id":33,"width":3840,"height":2160,"file_name":"frame_000032.PNG","license":0,"flickr_url":"","coco_url":"","date_captured":0},{"id":34,"width":3840,"height":2160,"file_name":"frame_000033.PNG","license":0,"flickr_url":"","coco_url":"","date_captured":0},{"id":35,"width":3840,"height":2160,"file_name":"frame_000034.PNG","license":0,"flickr_url":"","coco_url":"","date_captured":0},{"id":36,"width":3840,"height":2160,"file_name":"frame_000035.PNG","license":0,"flickr_url":"","coco_url":"","date_captured":0},{"id":37,"width":3840,"height":2160,"file_name":"frame_000036.PNG","license":0,"flickr_url":"","coco_url":"","date_captured":0},{"id":38,"width":3840,"height":2160,"file_name":"frame_000037.PNG","license":0,"flickr_url":"","coco_url":"","date_captured":0},{"id":39,"width":3840,"height":2160,"file_name":"frame_000038.PNG","license":0,"flickr_url":"","coco_url":"","date_captured":0},{"id":40,"width":3840,"height":2160,"file_name":"frame_000039.PNG","license":0,"flickr_url":"","coco_url":"","date_captured":0},{"id":41,"width":3840,"height":2160,"file_name":"frame_000040.PNG","license":0,"flickr_url":"","coco_url":"","date_captured":0},{"id":42,"width":3840,"height":2160,"file_name":"frame_000041.PNG","license":0,"flickr_url":"","coco_url":"","date_captured":0},{"id":43,"width":3840,"height":2160,"file_name":"frame_000042.PNG","license":0,"flickr_url":"","coco_url":"","date_captured":0},{"id":44,"width":3840,"height":2160,"file_name":"frame_000043.PNG","license":0,"flickr_url":"","coco_url":"","date_captured":0},{"id":45,"width":3840,"height":2160,"file_name":"frame_000044.PNG","license":0,"flickr_url":"","coco_url":"","date_captured":0},{"id":46,"width":3840,"height":2160,"file_name":"frame_000045.PNG","license":0,"flickr_url":"","coco_url":"","date_captured":0},{"id":47,"width":3840,"height":2160,"file_name":"frame_000046.PNG","license":0,"flickr_url":"","coco_url":"","date_captured":0},{"id":48,"width":3840,"height":2160,"file_name":"frame_000047.PNG","license":0,"flickr_url":"","coco_url":"","date_captured":0},{"id":49,"width":3840,"height":2160,"file_name":"frame_000048.PNG","license":0,"flickr_url":"","coco_url":"","date_captured":0},{"id":50,"width":3840,"height":2160,"file_name":"frame_000049.PNG","license":0,"flickr_url":"","coco_url":"","date_captured":0},{"id":51,"width":3840,"height":2160,"file_name":"frame_000050.PNG","license":0,"flickr_url":"","coco_url":"","date_captured":0},{"id":52,"width":3840,"height":2160,"file_name":"frame_000051.PNG","license":0,"flickr_url":"","coco_url":"","date_captured":0},{"id":53,"width":3840,"height":2160,"file_name":"frame_000052.PNG","license":0,"flickr_url":"","coco_url":"","date_captured":0},{"id":54,"width":3840,"height":2160,"file_name":"frame_000053.PNG","license":0,"flickr_url":"","coco_url":"","date_captured":0},{"id":55,"width":3840,"height":2160,"file_name":"frame_000054.PNG","license":0,"flickr_url":"","coco_url":"","date_captured":0},{"id":56,"width":3840,"height":2160,"file_name":"frame_000055.PNG","license":0,"flickr_url":"","coco_url":"","date_captured":0},{"id":57,"width":3840,"height":2160,"file_name":"frame_000056.PNG","license":0,"flickr_url":"","coco_url":"","date_captured":0},{"id":58,"width":3840,"height":2160,"file_name":"frame_000057.PNG","license":0,"flickr_url":"","coco_url":"","date_captured":0},{"id":59,"width":3840,"height":2160,"file_name":"frame_000058.PNG","license":0,"flickr_url":"","coco_url":"","date_captured":0},{"id":60,"width":3840,"height":2160,"file_name":"frame_000059.PNG","license":0,"flickr_url":"","coco_url":"","date_captured":0},{"id":61,"width":3840,"height":2160,"file_name":"frame_000060.PNG","license":0,"flickr_url":"","coco_url":"","date_captured":0},{"id":62,"width":3840,"height":2160,"file_name":"frame_000061.PNG","license":0,"flickr_url":"","coco_url":"","date_captured":0},{"id":63,"width":3840,"height":2160,"file_name":"frame_000062.PNG","license":0,"flickr_url":"","coco_url":"","date_captured":0},{"id":64,"width":3840,"height":2160,"file_name":"frame_000063.PNG","license":0,"flickr_url":"","coco_url":"","date_captured":0},{"id":65,"width":3840,"height":2160,"file_name":"frame_000064.PNG","license":0,"flickr_url":"","coco_url":"","date_captured":0},{"id":66,"width":3840,"height":2160,"file_name":"frame_000065.PNG","license":0,"flickr_url":"","coco_url":"","date_captured":0},{"id":67,"width":3840,"height":2160,"file_name":"frame_000066.PNG","license":0,"flickr_url":"","coco_url":"","date_captured":0},{"id":68,"width":3840,"height":2160,"file_name":"frame_000067.PNG","license":0,"flickr_url":"","coco_url":"","date_captured":0},{"id":69,"width":3840,"height":2160,"file_name":"frame_000068.PNG","license":0,"flickr_url":"","coco_url":"","date_captured":0},{"id":70,"width":3840,"height":2160,"file_name":"frame_000069.PNG","license":0,"flickr_url":"","coco_url":"","date_captured":0},{"id":71,"width":3840,"height":2160,"file_name":"frame_000070.PNG","license":0,"flickr_url":"","coco_url":"","date_captured":0},{"id":72,"width":3840,"height":2160,"file_name":"frame_000071.PNG","license":0,"flickr_url":"","coco_url":"","date_captured":0},{"id":73,"width":3840,"height":2160,"file_name":"frame_000072.PNG","license":0,"flickr_url":"","coco_url":"","date_captured":0},{"id":74,"width":3840,"height":2160,"file_name":"frame_000073.PNG","license":0,"flickr_url":"","coco_url":"","date_captured":0},{"id":75,"width":3840,"height":2160,"file_name":"frame_000074.PNG","license":0,"flickr_url":"","coco_url":"","date_captured":0},{"id":76,"width":3840,"height":2160,"file_name":"frame_000075.PNG","license":0,"flickr_url":"","coco_url":"","date_captured":0},{"id":77,"width":3840,"height":2160,"file_name":"frame_000076.PNG","license":0,"flickr_url":"","coco_url":"","date_captured":0},{"id":78,"width":3840,"height":2160,"file_name":"frame_000077.PNG","license":0,"flickr_url":"","coco_url":"","date_captured":0},{"id":79,"width":3840,"height":2160,"file_name":"frame_000078.PNG","license":0,"flickr_url":"","coco_url":"","date_captured":0},{"id":80,"width":3840,"height":2160,"file_name":"frame_000079.PNG","license":0,"flickr_url":"","coco_url":"","date_captured":0},{"id":81,"width":3840,"height":2160,"file_name":"frame_000080.PNG","license":0,"flickr_url":"","coco_url":"","date_captured":0},{"id":82,"width":3840,"height":2160,"file_name":"frame_000081.PNG","license":0,"flickr_url":"","coco_url":"","date_captured":0},{"id":83,"width":3840,"height":2160,"file_name":"frame_000082.PNG","license":0,"flickr_url":"","coco_url":"","date_captured":0},{"id":84,"width":3840,"height":2160,"file_name":"frame_000083.PNG","license":0,"flickr_url":"","coco_url":"","date_captured":0},{"id":85,"width":3840,"height":2160,"file_name":"frame_000084.PNG","license":0,"flickr_url":"","coco_url":"","date_captured":0},{"id":86,"width":3840,"height":2160,"file_name":"frame_000085.PNG","license":0,"flickr_url":"","coco_url":"","date_captured":0},{"id":87,"width":3840,"height":2160,"file_name":"frame_000086.PNG","license":0,"flickr_url":"","coco_url":"","date_captured":0},{"id":88,"width":3840,"height":2160,"file_name":"frame_000087.PNG","license":0,"flickr_url":"","coco_url":"","date_captured":0},{"id":89,"width":3840,"height":2160,"file_name":"frame_000088.PNG","license":0,"flickr_url":"","coco_url":"","date_captured":0},{"id":90,"width":3840,"height":2160,"file_name":"frame_000089.PNG","license":0,"flickr_url":"","coco_url":"","date_captured":0},{"id":91,"width":3840,"height":2160,"file_name":"frame_000090.PNG","license":0,"flickr_url":"","coco_url":"","date_captured":0},{"id":92,"width":3840,"height":2160,"file_name":"frame_000091.PNG","license":0,"flickr_url":"","coco_url":"","date_captured":0},{"id":93,"width":3840,"height":2160,"file_name":"frame_000092.PNG","license":0,"flickr_url":"","coco_url":"","date_captured":0},{"id":94,"width":3840,"height":2160,"file_name":"frame_000093.PNG","license":0,"flickr_url":"","coco_url":"","date_captured":0},{"id":95,"width":3840,"height":2160,"file_name":"frame_000094.PNG","license":0,"flickr_url":"","coco_url":"","date_captured":0},{"id":96,"width":3840,"height":2160,"file_name":"frame_000095.PNG","license":0,"flickr_url":"","coco_url":"","date_captured":0},{"id":97,"width":3840,"height":2160,"file_name":"frame_000096.PNG","license":0,"flickr_url":"","coco_url":"","date_captured":0},{"id":98,"width":3840,"height":2160,"file_name":"frame_000097.PNG","license":0,"flickr_url":"","coco_url":"","date_captured":0},{"id":99,"width":3840,"height":2160,"file_name":"frame_000098.PNG","license":0,"flickr_url":"","coco_url":"","date_captured":0},{"id":100,"width":3840,"height":2160,"file_name":"frame_000099.PNG","license":0,"flickr_url":"","coco_url":"","date_captured":0},{"id":101,"width":3840,"height":2160,"file_name":"frame_000100.PNG","license":0,"flickr_url":"","coco_url":"","date_captured":0},{"id":102,"width":3840,"height":2160,"file_name":"frame_000101.PNG","license":0,"flickr_url":"","coco_url":"","date_captured":0},{"id":103,"width":3840,"height":2160,"file_name":"frame_000102.PNG","license":0,"flickr_url":"","coco_url":"","date_captured":0},{"id":104,"width":3840,"height":2160,"file_name":"frame_000103.PNG","license":0,"flickr_url":"","coco_url":"","date_captured":0},{"id":105,"width":3840,"height":2160,"file_name":"frame_000104.PNG","license":0,"flickr_url":"","coco_url":"","date_captured":0},{"id":106,"width":3840,"height":2160,"file_name":"frame_000105.PNG","license":0,"flickr_url":"","coco_url":"","date_captured":0},{"id":107,"width":3840,"height":2160,"file_name":"frame_000106.PNG","license":0,"flickr_url":"","coco_url":"","date_captured":0},{"id":108,"width":3840,"height":2160,"file_name":"frame_000107.PNG","license":0,"flickr_url":"","coco_url":"","date_captured":0},{"id":109,"width":3840,"height":2160,"file_name":"frame_000108.PNG","license":0,"flickr_url":"","coco_url":"","date_captured":0},{"id":110,"width":3840,"height":2160,"file_name":"frame_000109.PNG","license":0,"flickr_url":"","coco_url":"","date_captured":0},{"id":111,"width":3840,"height":2160,"file_name":"frame_000110.PNG","license":0,"flickr_url":"","coco_url":"","date_captured":0},{"id":112,"width":3840,"height":2160,"file_name":"frame_000111.PNG","license":0,"flickr_url":"","coco_url":"","date_captured":0},{"id":113,"width":3840,"height":2160,"file_name":"frame_000112.PNG","license":0,"flickr_url":"","coco_url":"","date_captured":0},{"id":114,"width":3840,"height":2160,"file_name":"frame_000113.PNG","license":0,"flickr_url":"","coco_url":"","date_captured":0},{"id":115,"width":3840,"height":2160,"file_name":"frame_000114.PNG","license":0,"flickr_url":"","coco_url":"","date_captured":0},{"id":116,"width":3840,"height":2160,"file_name":"frame_000115.PNG","license":0,"flickr_url":"","coco_url":"","date_captured":0},{"id":117,"width":3840,"height":2160,"file_name":"frame_000116.PNG","license":0,"flickr_url":"","coco_url":"","date_captured":0},{"id":118,"width":3840,"height":2160,"file_name":"frame_000117.PNG","license":0,"flickr_url":"","coco_url":"","date_captured":0},{"id":119,"width":3840,"height":2160,"file_name":"frame_000118.PNG","license":0,"flickr_url":"","coco_url":"","date_captured":0},{"id":120,"width":3840,"height":2160,"file_name":"frame_000119.PNG","license":0,"flickr_url":"","coco_url":"","date_captured":0},{"id":121,"width":3840,"height":2160,"file_name":"frame_000120.PNG","license":0,"flickr_url":"","coco_url":"","date_captured":0},{"id":122,"width":3840,"height":2160,"file_name":"frame_000121.PNG","license":0,"flickr_url":"","coco_url":"","date_captured":0},{"id":123,"width":3840,"height":2160,"file_name":"frame_000122.PNG","license":0,"flickr_url":"","coco_url":"","date_captured":0},{"id":124,"width":3840,"height":2160,"file_name":"frame_000123.PNG","license":0,"flickr_url":"","coco_url":"","date_captured":0},{"id":125,"width":3840,"height":2160,"file_name":"frame_000124.PNG","license":0,"flickr_url":"","coco_url":"","date_captured":0},{"id":126,"width":3840,"height":2160,"file_name":"frame_000125.PNG","license":0,"flickr_url":"","coco_url":"","date_captured":0},{"id":127,"width":3840,"height":2160,"file_name":"frame_000126.PNG","license":0,"flickr_url":"","coco_url":"","date_captured":0},{"id":128,"width":3840,"height":2160,"file_name":"frame_000127.PNG","license":0,"flickr_url":"","coco_url":"","date_captured":0},{"id":129,"width":3840,"height":2160,"file_name":"frame_000128.PNG","license":0,"flickr_url":"","coco_url":"","date_captured":0},{"id":130,"width":3840,"height":2160,"file_name":"frame_000129.PNG","license":0,"flickr_url":"","coco_url":"","date_captured":0},{"id":131,"width":3840,"height":2160,"file_name":"frame_000130.PNG","license":0,"flickr_url":"","coco_url":"","date_captured":0},{"id":132,"width":3840,"height":2160,"file_name":"frame_000131.PNG","license":0,"flickr_url":"","coco_url":"","date_captured":0},{"id":133,"width":3840,"height":2160,"file_name":"frame_000132.PNG","license":0,"flickr_url":"","coco_url":"","date_captured":0},{"id":134,"width":3840,"height":2160,"file_name":"frame_000133.PNG","license":0,"flickr_url":"","coco_url":"","date_captured":0},{"id":135,"width":3840,"height":2160,"file_name":"frame_000134.PNG","license":0,"flickr_url":"","coco_url":"","date_captured":0},{"id":136,"width":3840,"height":2160,"file_name":"frame_000135.PNG","license":0,"flickr_url":"","coco_url":"","date_captured":0},{"id":137,"width":3840,"height":2160,"file_name":"frame_000136.PNG","license":0,"flickr_url":"","coco_url":"","date_captured":0},{"id":138,"width":3840,"height":2160,"file_name":"frame_000137.PNG","license":0,"flickr_url":"","coco_url":"","date_captured":0},{"id":139,"width":3840,"height":2160,"file_name":"frame_000138.PNG","license":0,"flickr_url":"","coco_url":"","date_captured":0},{"id":140,"width":3840,"height":2160,"file_name":"frame_000139.PNG","license":0,"flickr_url":"","coco_url":"","date_captured":0},{"id":141,"width":3840,"height":2160,"file_name":"frame_000140.PNG","license":0,"flickr_url":"","coco_url":"","date_captured":0},{"id":142,"width":3840,"height":2160,"file_name":"frame_000141.PNG","license":0,"flickr_url":"","coco_url":"","date_captured":0},{"id":143,"width":3840,"height":2160,"file_name":"frame_000142.PNG","license":0,"flickr_url":"","coco_url":"","date_captured":0},{"id":144,"width":3840,"height":2160,"file_name":"frame_000143.PNG","license":0,"flickr_url":"","coco_url":"","date_captured":0},{"id":145,"width":3840,"height":2160,"file_name":"frame_000144.PNG","license":0,"flickr_url":"","coco_url":"","date_captured":0},{"id":146,"width":3840,"height":2160,"file_name":"frame_000145.PNG","license":0,"flickr_url":"","coco_url":"","date_captured":0},{"id":147,"width":3840,"height":2160,"file_name":"frame_000146.PNG","license":0,"flickr_url":"","coco_url":"","date_captured":0},{"id":148,"width":3840,"height":2160,"file_name":"frame_000147.PNG","license":0,"flickr_url":"","coco_url":"","date_captured":0},{"id":149,"width":3840,"height":2160,"file_name":"frame_000148.PNG","license":0,"flickr_url":"","coco_url":"","date_captured":0},{"id":150,"width":3840,"height":2160,"file_name":"frame_000149.PNG","license":0,"flickr_url":"","coco_url":"","date_captured":0},{"id":151,"width":3840,"height":2160,"file_name":"frame_000150.PNG","license":0,"flickr_url":"","coco_url":"","date_captured":0},{"id":152,"width":3840,"height":2160,"file_name":"frame_000151.PNG","license":0,"flickr_url":"","coco_url":"","date_captured":0},{"id":153,"width":3840,"height":2160,"file_name":"frame_000152.PNG","license":0,"flickr_url":"","coco_url":"","date_captured":0},{"id":154,"width":3840,"height":2160,"file_name":"frame_000153.PNG","license":0,"flickr_url":"","coco_url":"","date_captured":0},{"id":155,"width":3840,"height":2160,"file_name":"frame_000154.PNG","license":0,"flickr_url":"","coco_url":"","date_captured":0},{"id":156,"width":3840,"height":2160,"file_name":"frame_000155.PNG","license":0,"flickr_url":"","coco_url":"","date_captured":0},{"id":157,"width":3840,"height":2160,"file_name":"frame_000156.PNG","license":0,"flickr_url":"","coco_url":"","date_captured":0},{"id":158,"width":3840,"height":2160,"file_name":"frame_000157.PNG","license":0,"flickr_url":"","coco_url":"","date_captured":0},{"id":159,"width":3840,"height":2160,"file_name":"frame_000158.PNG","license":0,"flickr_url":"","coco_url":"","date_captured":0},{"id":160,"width":3840,"height":2160,"file_name":"frame_000159.PNG","license":0,"flickr_url":"","coco_url":"","date_captured":0},{"id":161,"width":3840,"height":2160,"file_name":"frame_000160.PNG","license":0,"flickr_url":"","coco_url":"","date_captured":0},{"id":162,"width":3840,"height":2160,"file_name":"frame_000161.PNG","license":0,"flickr_url":"","coco_url":"","date_captured":0},{"id":163,"width":3840,"height":2160,"file_name":"frame_000162.PNG","license":0,"flickr_url":"","coco_url":"","date_captured":0},{"id":164,"width":3840,"height":2160,"file_name":"frame_000163.PNG","license":0,"flickr_url":"","coco_url":"","date_captured":0},{"id":165,"width":3840,"height":2160,"file_name":"frame_000164.PNG","license":0,"flickr_url":"","coco_url":"","date_captured":0},{"id":166,"width":3840,"height":2160,"file_name":"frame_000165.PNG","license":0,"flickr_url":"","coco_url":"","date_captured":0},{"id":167,"width":3840,"height":2160,"file_name":"frame_000166.PNG","license":0,"flickr_url":"","coco_url":"","date_captured":0},{"id":168,"width":3840,"height":2160,"file_name":"frame_000167.PNG","license":0,"flickr_url":"","coco_url":"","date_captured":0},{"id":169,"width":3840,"height":2160,"file_name":"frame_000168.PNG","license":0,"flickr_url":"","coco_url":"","date_captured":0},{"id":170,"width":3840,"height":2160,"file_name":"frame_000169.PNG","license":0,"flickr_url":"","coco_url":"","date_captured":0},{"id":171,"width":3840,"height":2160,"file_name":"frame_000170.PNG","license":0,"flickr_url":"","coco_url":"","date_captured":0},{"id":172,"width":3840,"height":2160,"file_name":"frame_000171.PNG","license":0,"flickr_url":"","coco_url":"","date_captured":0},{"id":173,"width":3840,"height":2160,"file_name":"frame_000172.PNG","license":0,"flickr_url":"","coco_url":"","date_captured":0},{"id":174,"width":3840,"height":2160,"file_name":"frame_000173.PNG","license":0,"flickr_url":"","coco_url":"","date_captured":0},{"id":175,"width":3840,"height":2160,"file_name":"frame_000174.PNG","license":0,"flickr_url":"","coco_url":"","date_captured":0},{"id":176,"width":3840,"height":2160,"file_name":"frame_000175.PNG","license":0,"flickr_url":"","coco_url":"","date_captured":0},{"id":177,"width":3840,"height":2160,"file_name":"frame_000176.PNG","license":0,"flickr_url":"","coco_url":"","date_captured":0},{"id":178,"width":3840,"height":2160,"file_name":"frame_000177.PNG","license":0,"flickr_url":"","coco_url":"","date_captured":0},{"id":179,"width":3840,"height":2160,"file_name":"frame_000178.PNG","license":0,"flickr_url":"","coco_url":"","date_captured":0},{"id":180,"width":3840,"height":2160,"file_name":"frame_000179.PNG","license":0,"flickr_url":"","coco_url":"","date_captured":0},{"id":181,"width":3840,"height":2160,"file_name":"frame_000180.PNG","license":0,"flickr_url":"","coco_url":"","date_captured":0},{"id":182,"width":3840,"height":2160,"file_name":"frame_000181.PNG","license":0,"flickr_url":"","coco_url":"","date_captured":0},{"id":183,"width":3840,"height":2160,"file_name":"frame_000182.PNG","license":0,"flickr_url":"","coco_url":"","date_captured":0}],"annotations":[{"id":1,"image_id":5,"category_id":1,"segmentation":[],"area":7236.0,"bbox":[1690.0,1132.0,54.0,134.0],"iscrowd":0,"attributes":{"occluded":false,"rotation":0.0}},{"id":2,"image_id":6,"category_id":1,"segmentation":[],"area":6912.0,"bbox":[1701.0,1137.0,54.0,128.0],"iscrowd":0,"attributes":{"occluded":false,"rotation":0.0}},{"id":3,"image_id":7,"category_id":1,"segmentation":[],"area":6174.0,"bbox":[1726.0,1146.0,49.0,126.0],"iscrowd":0,"attributes":{"occluded":false,"rotation":0.0}},{"id":4,"image_id":8,"category_id":1,"segmentation":[],"area":6490.0,"bbox":[1741.0,1154.0,55.0,118.0],"iscrowd":0,"attributes":{"occluded":false,"rotation":0.0}},{"id":5,"image_id":8,"category_id":1,"segmentation":[],"area":9020.0,"bbox":[2102.0,1004.0,55.0,164.0],"iscrowd":0,"attributes":{"occluded":false,"rotation":0.0}},{"id":6,"image_id":9,"category_id":1,"segmentation":[],"area":7810.0,"bbox":[1743.0,1167.0,71.0,110.0],"iscrowd":0,"attributes":{"occluded":false,"rotation":0.0}},{"id":7,"image_id":10,"category_id":1,"segmentation":[],"area":9918.0,"bbox":[1740.0,1165.0,87.0,114.0],"iscrowd":0,"attributes":{"occluded":false,"rotation":0.0}},{"id":8,"image_id":10,"category_id":1,"segmentation":[],"area":15228.0,"bbox":[2114.0,980.0,94.0,162.0],"iscrowd":0,"attributes":{"occluded":false,"rotation":0.0}},{"id":9,"image_id":11,"category_id":1,"segmentation":[],"area":12840.0,"bbox":[1737.0,1168.0,107.0,120.0],"iscrowd":0,"attributes":{"occluded":false,"rotation":0.0}},{"id":10,"image_id":11,"category_id":1,"segmentation":[],"area":15301.0,"bbox":[2115.0,973.0,107.0,143.0],"iscrowd":0,"attributes":{"occluded":false,"rotation":0.0}},{"id":11,"image_id":12,"category_id":1,"segmentation":[],"area":14190.0,"bbox":[2119.0,974.0,110.0,129.0],"iscrowd":0,"attributes":{"occluded":false,"rotation":0.0}},{"id":12,"image_id":12,"category_id":1,"segmentation":[],"area":15000.0,"bbox":[1740.0,1173.0,120.0,125.0],"iscrowd":0,"attributes":{"occluded":false,"rotation":0.0}},{"id":13,"image_id":13,"category_id":1,"segmentation":[],"area":13905.0,"bbox":[2120.0,968.0,103.0,135.0],"iscrowd":0,"attributes":{"occluded":false,"rotation":0.0}},{"id":14,"image_id":13,"category_id":1,"segmentation":[],"area":14640.0,"bbox":[1746.0,1181.0,120.0,122.0],"iscrowd":0,"attributes":{"occluded":false,"rotation":0.0}},{"id":15,"image_id":14,"category_id":1,"segmentation":[],"area":12690.0,"bbox":[2121.0,970.0,90.0,141.0],"iscrowd":0,"attributes":{"occluded":false,"rotation":0.0}},{"id":16,"image_id":14,"category_id":1,"segmentation":[],"area":14880.0,"bbox":[1752.0,1183.0,120.0,124.0],"iscrowd":0,"attributes":{"occluded":false,"rotation":0.0}},{"id":17,"image_id":15,"category_id":1,"segmentation":[],"area":16800.0,"bbox":[1751.0,1178.0,120.0,140.0],"iscrowd":0,"attributes":{"occluded":false,"rotation":0.0}},{"id":18,"image_id":15,"category_id":1,"segmentation":[],"area":10872.0,"bbox":[2121.0,969.0,72.0,151.0],"iscrowd":0,"attributes":{"occluded":false,"rotation":0.0}},{"id":19,"image_id":16,"category_id":1,"segmentation":[],"area":7191.0,"bbox":[2124.0,968.0,47.0,153.0],"iscrowd":0,"attributes":{"occluded":false,"rotation":0.0}},{"id":20,"image_id":16,"category_id":1,"segmentation":[],"area":15087.0,"bbox":[1761.0,1184.0,107.0,141.0],"iscrowd":0,"attributes":{"occluded":false,"rotation":0.0}},{"id":21,"image_id":17,"category_id":1,"segmentation":[],"area":6560.0,"bbox":[2118.0,948.0,41.0,160.0],"iscrowd":0,"attributes":{"occluded":false,"rotation":0.0}},{"id":22,"image_id":17,"category_id":1,"segmentation":[],"area":13248.0,"bbox":[1770.0,1185.0,92.0,144.0],"iscrowd":0,"attributes":{"occluded":false,"rotation":0.0}},{"id":23,"image_id":18,"category_id":1,"segmentation":[],"area":11175.0,"bbox":[1779.0,1185.0,75.0,149.0],"iscrowd":0,"attributes":{"occluded":false,"rotation":0.0}},{"id":24,"image_id":19,"category_id":1,"segmentation":[],"area":11700.0,"bbox":[1780.0,1180.0,75.0,156.0],"iscrowd":0,"attributes":{"occluded":false,"rotation":0.0}},{"id":25,"image_id":20,"category_id":1,"segmentation":[],"area":10350.0,"bbox":[1783.0,1182.0,69.0,150.0],"iscrowd":0,"attributes":{"occluded":false,"rotation":0.0}},{"id":26,"image_id":21,"category_id":1,"segmentation":[],"area":7524.0,"bbox":[1784.0,1192.0,57.0,132.0],"iscrowd":0,"attributes":{"occluded":false,"rotation":0.0}},{"id":27,"image_id":22,"category_id":1,"segmentation":[],"area":6500.0,"bbox":[1781.0,1185.0,50.0,130.0],"iscrowd":0,"attributes":{"occluded":false,"rotation":0.0}},{"id":28,"image_id":23,"category_id":1,"segmentation":[],"area":7015.0,"bbox":[1764.0,1187.0,61.0,115.0],"iscrowd":0,"attributes":{"occluded":false,"rotation":0.0}},{"id":29,"image_id":24,"category_id":1,"segmentation":[],"area":5858.0,"bbox":[1764.0,1188.0,58.0,101.0],"iscrowd":0,"attributes":{"occluded":false,"rotation":0.0}},{"id":30,"image_id":25,"category_id":1,"segmentation":[],"area":4108.0,"bbox":[1767.0,1198.0,52.0,79.0],"iscrowd":0,"attributes":{"occluded":false,"rotation":0.0}},{"id":31,"image_id":40,"category_id":1,"segmentation":[],"area":7552.0,"bbox":[1854.0,1231.0,59.0,128.0],"iscrowd":0,"attributes":{"occluded":false,"rotation":0.0}},{"id":32,"image_id":42,"category_id":1,"segmentation":[],"area":10500.0,"bbox":[1877.0,1237.0,70.0,150.0],"iscrowd":0,"attributes":{"occluded":false,"rotation":0.0}},{"id":33,"image_id":43,"category_id":1,"segmentation":[],"area":10730.0,"bbox":[1884.0,1254.0,74.0,145.0],"iscrowd":0,"attributes":{"occluded":false,"rotation":0.0}},{"id":34,"image_id":44,"category_id":1,"segmentation":[],"area":10764.0,"bbox":[1893.0,1276.0,78.0,138.0],"iscrowd":0,"attributes":{"occluded":false,"rotation":0.0}},{"id":35,"image_id":45,"category_id":1,"segmentation":[],"area":12642.0,"bbox":[1895.0,1279.0,86.0,147.0],"iscrowd":0,"attributes":{"occluded":false,"rotation":0.0}},{"id":36,"image_id":46,"category_id":1,"segmentation":[],"area":14476.0,"bbox":[1896.0,1279.0,94.0,154.0],"iscrowd":0,"attributes":{"occluded":false,"rotation":0.0}},{"id":37,"image_id":47,"category_id":1,"segmentation":[],"area":15484.0,"bbox":[1901.0,1285.0,98.0,158.0],"iscrowd":0,"attributes":{"occluded":false,"rotation":0.0}},{"id":38,"image_id":47,"category_id":1,"segmentation":[],"area":2438.0,"bbox":[2184.0,939.0,53.0,46.0],"iscrowd":0,"attributes":{"occluded":false,"rotation":0.0}},{"id":39,"image_id":48,"category_id":1,"segmentation":[],"area":16932.0,"bbox":[1906.0,1285.0,102.0,166.0],"iscrowd":0,"attributes":{"occluded":false,"rotation":0.0}},{"id":40,"image_id":48,"category_id":1,"segmentation":[],"area":2475.0,"bbox":[2193.0,957.0,55.0,45.0],"iscrowd":0,"attributes":{"occluded":false,"rotation":0.0}},{"id":41,"image_id":49,"category_id":1,"segmentation":[],"area":18468.0,"bbox":[1907.0,1283.0,108.0,171.0],"iscrowd":0,"attributes":{"occluded":false,"rotation":0.0}},{"id":42,"image_id":49,"category_id":1,"segmentation":[],"area":2852.0,"bbox":[2193.0,973.0,62.0,46.0],"iscrowd":0,"attributes":{"occluded":false,"rotation":0.0}},{"id":43,"image_id":50,"category_id":1,"segmentation":[],"area":19895.0,"bbox":[1906.0,1283.0,115.0,173.0],"iscrowd":0,"attributes":{"occluded":false,"rotation":0.0}},{"id":44,"image_id":50,"category_id":1,"segmentation":[],"area":8400.0,"bbox":[2149.0,971.0,112.0,75.0],"iscrowd":0,"attributes":{"occluded":false,"rotation":0.0}},{"id":45,"image_id":51,"category_id":1,"segmentation":[],"area":12180.0,"bbox":[2145.0,965.0,116.0,105.0],"iscrowd":0,"attributes":{"occluded":false,"rotation":0.0}},{"id":46,"image_id":51,"category_id":1,"segmentation":[],"area":20886.0,"bbox":[1905.0,1281.0,118.0,177.0],"iscrowd":0,"attributes":{"occluded":false,"rotation":0.0}},{"id":47,"image_id":52,"category_id":1,"segmentation":[],"area":18480.0,"bbox":[1916.0,1290.0,110.0,168.0],"iscrowd":0,"attributes":{"occluded":false,"rotation":0.0}},{"id":48,"image_id":52,"category_id":1,"segmentation":[],"area":12096.0,"bbox":[2149.0,952.0,96.0,126.0],"iscrowd":0,"attributes":{"occluded":false,"rotation":0.0}},{"id":49,"image_id":53,"category_id":1,"segmentation":[],"area":10804.0,"bbox":[2147.0,924.0,73.0,148.0],"iscrowd":0,"attributes":{"occluded":false,"rotation":0.0}},{"id":50,"image_id":53,"category_id":1,"segmentation":[],"area":18759.0,"bbox":[1916.0,1285.0,111.0,169.0],"iscrowd":0,"attributes":{"occluded":false,"rotation":0.0}},{"id":51,"image_id":54,"category_id":1,"segmentation":[],"area":18144.0,"bbox":[1917.0,1283.0,108.0,168.0],"iscrowd":0,"attributes":{"occluded":false,"rotation":0.0}},{"id":52,"image_id":55,"category_id":1,"segmentation":[],"area":20862.0,"bbox":[1901.0,1277.0,122.0,171.0],"iscrowd":0,"attributes":{"occluded":false,"rotation":0.0}},{"id":53,"image_id":56,"category_id":1,"segmentation":[],"area":18468.0,"bbox":[1903.0,1279.0,114.0,162.0],"iscrowd":0,"attributes":{"occluded":false,"rotation":0.0}},{"id":54,"image_id":57,"category_id":1,"segmentation":[],"area":16371.0,"bbox":[1902.0,1281.0,107.0,153.0],"iscrowd":0,"attributes":{"occluded":false,"rotation":0.0}},{"id":55,"image_id":58,"category_id":1,"segmentation":[],"area":14288.0,"bbox":[1906.0,1280.0,94.0,152.0],"iscrowd":0,"attributes":{"occluded":false,"rotation":0.0}},{"id":56,"image_id":59,"category_id":1,"segmentation":[],"area":12035.0,"bbox":[1907.0,1280.0,83.0,145.0],"iscrowd":0,"attributes":{"occluded":false,"rotation":0.0}},{"id":57,"image_id":60,"category_id":1,"segmentation":[],"area":10437.0,"bbox":[1905.0,1271.0,71.0,147.0],"iscrowd":0,"attributes":{"occluded":false,"rotation":0.0}},{"id":58,"image_id":61,"category_id":1,"segmentation":[],"area":8850.0,"bbox":[1905.0,1263.0,59.0,150.0],"iscrowd":0,"attributes":{"occluded":false,"rotation":0.0}},{"id":59,"image_id":62,"category_id":1,"segmentation":[],"area":7897.0,"bbox":[1903.0,1257.0,53.0,149.0],"iscrowd":0,"attributes":{"occluded":false,"rotation":0.0}},{"id":60,"image_id":63,"category_id":1,"segmentation":[],"area":5280.0,"bbox":[1903.0,1276.0,44.0,120.0],"iscrowd":0,"attributes":{"occluded":false,"rotation":0.0}},{"id":61,"image_id":66,"category_id":1,"segmentation":[],"area":6075.0,"bbox":[1867.0,1231.0,45.0,135.0],"iscrowd":0,"attributes":{"occluded":false,"rotation":0.0}},{"id":62,"image_id":74,"category_id":1,"segmentation":[],"area":4636.0,"bbox":[2211.0,994.0,38.0,122.0],"iscrowd":0,"attributes":{"occluded":false,"rotation":0.0}},{"id":63,"image_id":75,"category_id":1,"segmentation":[],"area":5934.0,"bbox":[2214.0,994.0,46.0,129.0],"iscrowd":0,"attributes":{"occluded":false,"rotation":0.0}},{"id":64,"image_id":76,"category_id":1,"segmentation":[],"area":5120.0,"bbox":[2226.0,996.0,40.0,128.0],"iscrowd":0,"attributes":{"occluded":false,"rotation":0.0}},{"id":65,"image_id":77,"category_id":1,"segmentation":[],"area":6486.0,"bbox":[2224.0,982.0,46.0,141.0],"iscrowd":0,"attributes":{"occluded":false,"rotation":0.0}},{"id":66,"image_id":78,"category_id":1,"segmentation":[],"area":4992.0,"bbox":[2244.0,990.0,39.0,128.0],"iscrowd":0,"attributes":{"occluded":false,"rotation":0.0}},{"id":67,"image_id":80,"category_id":1,"segmentation":[],"area":4284.0,"bbox":[2256.0,983.0,34.0,126.0],"iscrowd":0,"attributes":{"occluded":false,"rotation":0.0}},{"id":68,"image_id":98,"category_id":1,"segmentation":[],"area":8181.0,"bbox":[1368.0,1072.0,101.0,81.0],"iscrowd":0,"attributes":{"occluded":false,"rotation":0.0}},{"id":69,"image_id":112,"category_id":1,"segmentation":[],"area":3965.0,"bbox":[1376.0,1038.0,65.0,61.0],"iscrowd":0,"attributes":{"occluded":false,"rotation":0.0}},{"id":70,"image_id":113,"category_id":1,"segmentation":[],"area":4352.0,"bbox":[1375.0,1036.0,68.0,64.0],"iscrowd":0,"attributes":{"occluded":false,"rotation":0.0}},{"id":71,"image_id":114,"category_id":1,"segmentation":[],"area":4636.0,"bbox":[1367.0,1037.0,76.0,61.0],"iscrowd":0,"attributes":{"occluded":false,"rotation":0.0}},{"id":72,"image_id":115,"category_id":1,"segmentation":[],"area":4779.0,"bbox":[1363.0,1036.0,81.0,59.0],"iscrowd":0,"attributes":{"occluded":false,"rotation":0.0}},{"id":73,"image_id":116,"category_id":1,"segmentation":[],"area":4480.0,"bbox":[1362.0,1037.0,80.0,56.0],"iscrowd":0,"attributes":{"occluded":false,"rotation":0.0}},{"id":74,"image_id":117,"category_id":1,"segmentation":[],"area":4425.0,"bbox":[1361.0,1034.0,75.0,59.0],"iscrowd":0,"attributes":{"occluded":false,"rotation":0.0}},{"id":75,"image_id":118,"category_id":1,"segmentation":[],"area":4661.0,"bbox":[1359.0,1033.0,79.0,59.0],"iscrowd":0,"attributes":{"occluded":false,"rotation":0.0}},{"id":76,"image_id":119,"category_id":1,"segmentation":[],"area":4860.0,"bbox":[1362.0,1034.0,81.0,60.0],"iscrowd":0,"attributes":{"occluded":false,"rotation":0.0}},{"id":77,"image_id":120,"category_id":1,"segmentation":[],"area":5808.0,"bbox":[1362.0,1027.0,88.0,66.0],"iscrowd":0,"attributes":{"occluded":false,"rotation":0.0}},{"id":78,"image_id":121,"category_id":1,"segmentation":[],"area":4092.0,"bbox":[1363.0,1028.0,62.0,66.0],"iscrowd":0,"attributes":{"occluded":false,"rotation":0.0}},{"id":79,"image_id":122,"category_id":1,"segmentation":[],"area":6499.0,"bbox":[1366.0,1024.0,97.0,67.0],"iscrowd":0,"attributes":{"occluded":false,"rotation":0.0}},{"id":80,"image_id":126,"category_id":1,"segmentation":[],"area":5640.0,"bbox":[1344.0,998.0,60.0,94.0],"iscrowd":0,"attributes":{"occluded":false,"rotation":0.0}},{"id":81,"image_id":173,"category_id":1,"segmentation":[],"area":6006.0,"bbox":[1869.0,1024.0,91.0,66.0],"iscrowd":0,"attributes":{"occluded":false,"rotation":0.0}},{"id":82,"image_id":174,"category_id":1,"segmentation":[],"area":7548.0,"bbox":[1855.0,1023.0,111.0,68.0],"iscrowd":0,"attributes":{"occluded":false,"rotation":0.0}},{"id":83,"image_id":175,"category_id":1,"segmentation":[],"area":8128.0,"bbox":[1838.0,1026.0,127.0,64.0],"iscrowd":0,"attributes":{"occluded":false,"rotation":0.0}},{"id":84,"image_id":177,"category_id":1,"segmentation":[],"area":9870.0,"bbox":[1817.0,1029.0,141.0,70.0],"iscrowd":0,"attributes":{"occluded":false,"rotation":0.0}},{"id":85,"image_id":178,"category_id":1,"segmentation":[],"area":10074.0,"bbox":[1812.0,1030.0,146.0,69.0],"iscrowd":0,"attributes":{"occluded":false,"rotation":0.0}},{"id":86,"image_id":179,"category_id":1,"segmentation":[],"area":9940.0,"bbox":[1812.0,1034.0,142.0,70.0],"iscrowd":0,"attributes":{"occluded":false,"rotation":0.0}},{"id":87,"image_id":180,"category_id":1,"segmentation":[],"area":9384.0,"bbox":[1811.0,1040.0,136.0,69.0],"iscrowd":0,"attributes":{"occluded":false,"rotation":0.0}},{"id":88,"image_id":181,"category_id":1,"segmentation":[],"area":8710.0,"bbox":[1817.0,1049.0,134.0,65.0],"iscrowd":0,"attributes":{"occluded":false,"rotation":0.0}},{"id":89,"image_id":181,"category_id":1,"segmentation":[],"area":8774.0,"bbox":[1777.0,625.0,82.0,107.0],"iscrowd":0,"attributes":{"occluded":false,"rotation":0.0}},{"id":90,"image_id":183,"category_id":1,"segmentation":[],"area":5980.0,"bbox":[1832.0,1071.0,92.0,65.0],"iscrowd":0,"attributes":{"occluded":false,"rotation":0.0}},{"id":91,"image_id":183,"category_id":1,"segmentation":[],"area":2378.0,"bbox":[1790.0,687.0,41.0,58.0],"iscrowd":0,"attributes":{"occluded":false,"rotation":0.0}}]}