<annotation>
  <folder>frame</folder>
  <filename>frame_002759.PNG</filename>
  <source>
    <database>Unknown</database>
    <annotation>Unknown</annotation>
    <image>Unknown</image>
  </source>
  <size>
    <width>3840</width>
    <height>2160</height>
    <depth></depth>
  </size>
  <segmented>0</segmented>
  <object>
    <name>racket</name>
    <truncated>0</truncated>
    <occluded>0</occluded>
    <difficult>0</difficult>
    <bndbox>
      <xmin>1982.0</xmin>
      <ymin>1043.0</ymin>
      <xmax>2192.0</xmax>
      <ymax>1122.0</ymax>
    </bndbox>
    <attributes>
      <attribute>
        <name>rotation</name>
        <value>0.0</value>
      </attribute>
    </attributes>
  </object>
  <object>
    <name>racket</name>
    <truncated>0</truncated>
    <occluded>0</occluded>
    <difficult>0</difficult>
    <bndbox>
      <xmin>1706.0</xmin>
      <ymin>1263.0</ymin>
      <xmax>1878.0</xmax>
      <ymax>1357.0</ymax>
    </bndbox>
    <attributes>
      <attribute>
        <name>rotation</name>
        <value>0.0</value>
      </attribute>
    </attributes>
  </object>
  <object>
    <name>racket</name>
    <truncated>0</truncated>
    <occluded>0</occluded>
    <difficult>0</difficult>
    <bndbox>
      <xmin>2080.0</xmin>
      <ymin>664.0</ymin>
      <xmax>2186.0</xmax>
      <ymax>736.0</ymax>
    </bndbox>
    <attributes>
      <attribute>
        <name>rotation</name>
        <value>0.0</value>
      </attribute>
    </attributes>
  </object>
</annotation>
