<annotation>
  <folder>frame</folder>
  <filename>frame_014756.PNG</filename>
  <source>
    <database>Unknown</database>
    <annotation>Unknown</annotation>
    <image>Unknown</image>
  </source>
  <size>
    <width>3840</width>
    <height>2160</height>
    <depth></depth>
  </size>
  <segmented>0</segmented>
  <object>
    <name>racket</name>
    <truncated>0</truncated>
    <occluded>0</occluded>
    <difficult>0</difficult>
    <bndbox>
      <xmin>1926.0</xmin>
      <ymin>1201.0</ymin>
      <xmax>2014.0</xmax>
      <ymax>1320.0</ymax>
    </bndbox>
    <attributes>
      <attribute>
        <name>rotation</name>
        <value>0.0</value>
      </attribute>
    </attributes>
  </object>
</annotation>
