<annotation>
  <folder>frame</folder>
  <filename>frame_006674.PNG</filename>
  <source>
    <database>Unknown</database>
    <annotation>Unknown</annotation>
    <image>Unknown</image>
  </source>
  <size>
    <width>3840</width>
    <height>2160</height>
    <depth></depth>
  </size>
  <segmented>0</segmented>
  <object>
    <name>racket</name>
    <truncated>0</truncated>
    <occluded>0</occluded>
    <difficult>0</difficult>
    <bndbox>
      <xmin>1696.0</xmin>
      <ymin>914.0</ymin>
      <xmax>1771.0</xmax>
      <ymax>1037.0</ymax>
    </bndbox>
    <attributes>
      <attribute>
        <name>rotation</name>
        <value>0.0</value>
      </attribute>
    </attributes>
  </object>
  <object>
    <name>racket</name>
    <truncated>0</truncated>
    <occluded>0</occluded>
    <difficult>0</difficult>
    <bndbox>
      <xmin>1673.0</xmin>
      <ymin>1275.0</ymin>
      <xmax>1763.0</xmax>
      <ymax>1365.0</ymax>
    </bndbox>
    <attributes>
      <attribute>
        <name>rotation</name>
        <value>0.0</value>
      </attribute>
    </attributes>
  </object>
  <object>
    <name>racket</name>
    <truncated>0</truncated>
    <occluded>0</occluded>
    <difficult>0</difficult>
    <bndbox>
      <xmin>1989.0</xmin>
      <ymin>601.0</ymin>
      <xmax>2066.0</xmax>
      <ymax>699.0</ymax>
    </bndbox>
    <attributes>
      <attribute>
        <name>rotation</name>
        <value>0.0</value>
      </attribute>
    </attributes>
  </object>
  <object>
    <name>racket</name>
    <truncated>0</truncated>
    <occluded>0</occluded>
    <difficult>0</difficult>
    <bndbox>
      <xmin>2011.0</xmin>
      <ymin>624.0</ymin>
      <xmax>2071.0</xmax>
      <ymax>701.0</ymax>
    </bndbox>
    <attributes>
      <attribute>
        <name>rotation</name>
        <value>0.0</value>
      </attribute>
    </attributes>
  </object>
</annotation>
