<annotation>
  <folder>frame</folder>
  <filename>frame_014101.PNG</filename>
  <source>
    <database>Unknown</database>
    <annotation>Unknown</annotation>
    <image>Unknown</image>
  </source>
  <size>
    <width>3840</width>
    <height>2160</height>
    <depth></depth>
  </size>
  <segmented>0</segmented>
  <object>
    <name>racket</name>
    <truncated>0</truncated>
    <occluded>0</occluded>
    <difficult>0</difficult>
    <bndbox>
      <xmin>1422.0</xmin>
      <ymin>1147.0</ymin>
      <xmax>1519.0</xmax>
      <ymax>1235.0</ymax>
    </bndbox>
    <attributes>
      <attribute>
        <name>rotation</name>
        <value>0.0</value>
      </attribute>
    </attributes>
  </object>
  <object>
    <name>racket</name>
    <truncated>0</truncated>
    <occluded>0</occluded>
    <difficult>0</difficult>
    <bndbox>
      <xmin>2152.0</xmin>
      <ymin>651.0</ymin>
      <xmax>2199.0</xmax>
      <ymax>813.0</ymax>
    </bndbox>
    <attributes>
      <attribute>
        <name>rotation</name>
        <value>0.0</value>
      </attribute>
    </attributes>
  </object>
  <object>
    <name>racket</name>
    <truncated>0</truncated>
    <occluded>0</occluded>
    <difficult>0</difficult>
    <bndbox>
      <xmin>1384.0</xmin>
      <ymin>1070.0</ymin>
      <xmax>1518.0</xmax>
      <ymax>1240.0</ymax>
    </bndbox>
    <attributes>
      <attribute>
        <name>rotation</name>
        <value>0.0</value>
      </attribute>
    </attributes>
  </object>
</annotation>
